{"playerPos":{"x":113.27438354492188,"y":-0.0036630630493164064,"z":281.6894226074219},"health":10.0,"alived":[1,0,0,0,0,0,0,0,0,0,0,0,0,0,0,0,0,0,0,0,0],"aliveChecked":0,"counts":3,"nowB":5,"nowPB":12,"leftB":12,"leftPB":12}